insert into role(id, name) values (1, 'USER');
insert into role(id, name) values (2, 'ADMIN');
insert into role(id, name) values (3, 'ACTUATOR');
insert into role(id, name) values (4, 'FACEBOOK_USER');

insert into users(id, login, first_Name, second_Name, phone_Number, password, birthdate,email) values (1, 'admin', 'Levan', 'Giorgadze', '555 999 666',  '$2a$08$KS8sJWH3z/2pDAJHnDaAHOtLtOBpQOaDwM64qy6a1Rz.NyiAmHjkO', '1996-04-22 06:49:54', 'test@gmail.com');
insert into users(id, login, first_Name, second_Name, phone_Number, password, birthdate,email) values (2, 'user', 'Jambula', 'Izoria', '555 999 666', '$2a$08$KS8sJWH3z/2pDAJHnDaAHOtLtOBpQOaDwM64qy6a1Rz.NyiAmHjkO', '1991-04-22 06:49:54', 'test1@gmail.com');
insert into users(id, login, first_Name, second_Name, phone_Number, password, birthdate,email) values (3, 'Gio_', 'Gio', 'Mezurnishvili', '555 999 666', '$2a$10$L34mYCqfron.7KOGr6K0iepuXiklvWcuMfSnKHA6JzBYHMIjsu.Gu', '1990-08-22 06:49:54', 'test2@gmail.com');
insert into users(id, login, first_Name, second_Name, phone_Number, password, birthdate,email) values (4, 'Mishiko', 'Misha', 'Ardia', '555 999 666', '$2a$10$L34mYCqfron.7KOGr6K0iepuXiklvWcuMfSnKHA6JzBYHMIjsu.Gu', '1988-07-13 06:49:54', 'test3@gmail.com');
insert into users(id, login, first_Name, second_Name, phone_Number, password, birthdate,email) values (5, 'Jumbera', 'Jumber', 'Qartvelishvili', '555 999 666', '$2a$10$L34mYCqfron.7KOGr6K0iepuXiklvWcuMfSnKHA6JzBYHMIjsu.Gu', '1986-06-28 06:49:54', 'test4@gmail.com');

insert into USERS_ROLES(USER_ID, ROLE_ID) values (1, 2);
insert into USERS_ROLES(USER_ID, ROLE_ID) values (2, 1);
insert into USERS_ROLES(USER_ID, ROLE_ID) values (2, 3);
insert into USERS_ROLES(USER_ID, ROLE_ID) values (3, 1);
insert into USERS_ROLES(USER_ID, ROLE_ID) values (4, 1);
insert into USERS_ROLES(USER_ID, ROLE_ID) values (5, 1);

insert into PRIVILEGE(ID, NAME) values (1, 'READ_PRIVILEGE');
insert into PRIVILEGE(ID, NAME) values (2, 'WRITE_PRIVILEGE');

insert into ROLES_PRIVILEGES(ROLE_ID, PRIVILEGE_ID) values (1, 1);
insert into ROLES_PRIVILEGES(ROLE_ID, PRIVILEGE_ID) values (1, 2);
insert into ROLES_PRIVILEGES(ROLE_ID, PRIVILEGE_ID) values (2, 1);
insert into ROLES_PRIVILEGES(ROLE_ID, PRIVILEGE_ID) values (2, 2);
insert into ROLES_PRIVILEGES(ROLE_ID, PRIVILEGE_ID) values (3, 1);
insert into ROLES_PRIVILEGES(ROLE_ID, PRIVILEGE_ID) values (3, 2);
insert into ROLES_PRIVILEGES(ROLE_ID, PRIVILEGE_ID) values (4, 1);
insert into ROLES_PRIVILEGES(ROLE_ID, PRIVILEGE_ID) values (4, 2);


INSERT INTO contacts(id,contact_first_name,contact_second_name,contact_phone_number) VALUES (1,'Hardin','Wolf','+995 (948) 560-3677');
INSERT INTO contacts(id,contact_first_name,contact_second_name,contact_phone_number) VALUES (2,'Mcbride','Lamb','+995 (807) 514-2625');
INSERT INTO contacts(id,contact_first_name,contact_second_name,contact_phone_number) VALUES (3,'Clarissa','Tillman','+995 (886) 511-3533');
INSERT INTO contacts(id,contact_first_name,contact_second_name,contact_phone_number) VALUES (4,'Erica','Hudson','+995 (916) 415-2340');
INSERT INTO contacts(id,contact_first_name,contact_second_name,contact_phone_number) VALUES (5,'Maggie','Hardy','+995 (910) 467-3776');
INSERT INTO contacts(id,contact_first_name,contact_second_name,contact_phone_number) VALUES (6,'Donaldson','Hicks','+995 (857) 496-2352');
INSERT INTO contacts(id,contact_first_name,contact_second_name,contact_phone_number) VALUES (7,'Lois','Gillespie','+995 (885) 554-3379');
INSERT INTO contacts(id,contact_first_name,contact_second_name,contact_phone_number) VALUES (8,'Nannie','Patrick','+995 (801) 530-2912');
INSERT INTO contacts(id,contact_first_name,contact_second_name,contact_phone_number) VALUES (9,'Clayton','Davidson','+995 (893) 428-2608');
INSERT INTO contacts(id,contact_first_name,contact_second_name,contact_phone_number) VALUES (10,'Magdalena','Duke','+995 (819) 458-2124');
INSERT INTO contacts(id,contact_first_name,contact_second_name,contact_phone_number) VALUES (11,'Brewer','Benton','+995 (809) 505-3335');
INSERT INTO contacts(id,contact_first_name,contact_second_name,contact_phone_number) VALUES (12,'Betty','Hardin','+995 (873) 456-2551');
INSERT INTO contacts(id,contact_first_name,contact_second_name,contact_phone_number) VALUES (13,'Wilkinson','Barlow','+995 (992) 516-2128');
INSERT INTO contacts(id,contact_first_name,contact_second_name,contact_phone_number) VALUES (14,'Alice','Powell','+995 (902) 410-3320');
INSERT INTO contacts(id,contact_first_name,contact_second_name,contact_phone_number) VALUES (15,'Owen','Lowery','+995 (960) 400-2189');
INSERT INTO contacts(id,contact_first_name,contact_second_name,contact_phone_number) VALUES (16,'Ballard','Ross','+995 (802) 454-3387');
INSERT INTO contacts(id,contact_first_name,contact_second_name,contact_phone_number) VALUES (17,'Virginia','King','+995 (932) 560-2219');
INSERT INTO contacts(id,contact_first_name,contact_second_name,contact_phone_number) VALUES (18,'Valdez','Wilcox','+995 (984) 483-3490');
INSERT INTO contacts(id,contact_first_name,contact_second_name,contact_phone_number) VALUES (19,'Osborne','Mcbride','+995 (922) 430-2783');
INSERT INTO contacts(id,contact_first_name,contact_second_name,contact_phone_number) VALUES (20,'Castillo','Nash','+995 (868) 572-3679');
INSERT INTO contacts(id,contact_first_name,contact_second_name,contact_phone_number) VALUES (21,'Roberson','Prince','+995 (872) 489-2551');
INSERT INTO contacts(id,contact_first_name,contact_second_name,contact_phone_number) VALUES (22,'Andrea','Peterson','+995 (990) 410-3444');
INSERT INTO contacts(id,contact_first_name,contact_second_name,contact_phone_number) VALUES (23,'Tommie','Franklin','+995 (979) 536-2625');
INSERT INTO contacts(id,contact_first_name,contact_second_name,contact_phone_number) VALUES (24,'Head','Wynn','+995 (934) 481-2553');
INSERT INTO contacts(id,contact_first_name,contact_second_name,contact_phone_number) VALUES (25,'Conrad','Norris','+995 (990) 528-3558');
INSERT INTO contacts(id,contact_first_name,contact_second_name,contact_phone_number) VALUES (26,'Garner','Gregory','+995 (899) 552-2235');
INSERT INTO contacts(id,contact_first_name,contact_second_name,contact_phone_number) VALUES (27,'Dotson','Gibbs','+995 (943) 570-2504');
INSERT INTO contacts(id,contact_first_name,contact_second_name,contact_phone_number) VALUES (28,'Tiffany','Mendez','+995 (967) 485-3946');
INSERT INTO contacts(id,contact_first_name,contact_second_name,contact_phone_number) VALUES (29,'Baldwin','Waters','+995 (891) 435-3029');
INSERT INTO contacts(id,contact_first_name,contact_second_name,contact_phone_number) VALUES (30,'Christina','Velasquez','+995 (978) 536-3013');
INSERT INTO contacts(id,contact_first_name,contact_second_name,contact_phone_number) VALUES (31,'Daugherty','Berg','+995 (873) 425-3803');
INSERT INTO contacts(id,contact_first_name,contact_second_name,contact_phone_number) VALUES (32,'Hopkins','Mejia','+995 (806) 471-2276');
INSERT INTO contacts(id,contact_first_name,contact_second_name,contact_phone_number) VALUES (33,'Marilyn','Farrell','+995 (811) 562-3147');
INSERT INTO contacts(id,contact_first_name,contact_second_name,contact_phone_number) VALUES (34,'Vang','Ware','+995 (942) 494-3888');
INSERT INTO contacts(id,contact_first_name,contact_second_name,contact_phone_number) VALUES (35,'Luisa','Atkinson','+995 (897) 501-3857');
INSERT INTO contacts(id,contact_first_name,contact_second_name,contact_phone_number) VALUES (36,'Darlene','Mcneil','+995 (862) 470-3442');
INSERT INTO contacts(id,contact_first_name,contact_second_name,contact_phone_number) VALUES (37,'Fulton','Navarro','+995 (987) 509-2684');
INSERT INTO contacts(id,contact_first_name,contact_second_name,contact_phone_number) VALUES (38,'Trevino','Horn','+995 (820) 552-3715');
INSERT INTO contacts(id,contact_first_name,contact_second_name,contact_phone_number) VALUES (39,'Maritza','Adkins','+995 (906) 452-2406');
INSERT INTO contacts(id,contact_first_name,contact_second_name,contact_phone_number) VALUES (40,'Mayer','Ford','+995 (807) 533-3154');
INSERT INTO contacts(id,contact_first_name,contact_second_name,contact_phone_number) VALUES (41,'Lorraine','Miller','+995 (884) 578-2557');
INSERT INTO contacts(id,contact_first_name,contact_second_name,contact_phone_number) VALUES (42,'Cassie','Hendricks','+995 (944) 536-2120');
INSERT INTO contacts(id,contact_first_name,contact_second_name,contact_phone_number) VALUES (43,'Santos','Joseph','+995 (833) 533-3786');
INSERT INTO contacts(id,contact_first_name,contact_second_name,contact_phone_number) VALUES (44,'Jana','Todd','+995 (809) 565-3744');
INSERT INTO contacts(id,contact_first_name,contact_second_name,contact_phone_number) VALUES (45,'Ursula','Mccarthy','+995 (885) 502-3782');
INSERT INTO contacts(id,contact_first_name,contact_second_name,contact_phone_number) VALUES (46,'Concetta','Lindsay','+995 (936) 439-2719');
INSERT INTO contacts(id,contact_first_name,contact_second_name,contact_phone_number) VALUES (47,'Wilkerson','Griffith','+995 (840) 435-3334');
INSERT INTO contacts(id,contact_first_name,contact_second_name,contact_phone_number) VALUES (48,'Kelly','Graham','+995 (866) 534-3800');
INSERT INTO contacts(id,contact_first_name,contact_second_name,contact_phone_number) VALUES (49,'Bean','Woodard','+995 (959) 576-2218');
INSERT INTO contacts(id,contact_first_name,contact_second_name,contact_phone_number) VALUES (50,'Kelley','Jimenez','+995 (883) 481-2593');
INSERT INTO contacts(id,contact_first_name,contact_second_name,contact_phone_number) VALUES (51,'Morse','Brady','+995 (965) 428-2362');
INSERT INTO contacts(id,contact_first_name,contact_second_name,contact_phone_number) VALUES (52,'Mckinney','Randolph','+995 (932) 451-2005');
INSERT INTO contacts(id,contact_first_name,contact_second_name,contact_phone_number) VALUES (53,'Solomon','Melton','+995 (881) 441-2328');
INSERT INTO contacts(id,contact_first_name,contact_second_name,contact_phone_number) VALUES (54,'Byers','Howe','+995 (924) 465-2718');
INSERT INTO contacts(id,contact_first_name,contact_second_name,contact_phone_number) VALUES (55,'Estrada','Dennis','+995 (971) 515-2611');
INSERT INTO contacts(id,contact_first_name,contact_second_name,contact_phone_number) VALUES (56,'Mueller','Bird','+995 (989) 503-3410');
INSERT INTO contacts(id,contact_first_name,contact_second_name,contact_phone_number) VALUES (57,'Curtis','Madden','+995 (801) 563-2859');
INSERT INTO contacts(id,contact_first_name,contact_second_name,contact_phone_number) VALUES (58,'Beulah','Elliott','+995 (911) 434-3921');
INSERT INTO contacts(id,contact_first_name,contact_second_name,contact_phone_number) VALUES (59,'Booth','Perry','+995 (892) 407-2957');
INSERT INTO contacts(id,contact_first_name,contact_second_name,contact_phone_number) VALUES (60,'Stanley','Donovan','+995 (848) 575-2934');
INSERT INTO contacts(id,contact_first_name,contact_second_name,contact_phone_number) VALUES (61,'Beach','Stone','+995 (809) 411-3235');
INSERT INTO contacts(id,contact_first_name,contact_second_name,contact_phone_number) VALUES (62,'Louisa','Mcintosh','+995 (898) 495-3487');
INSERT INTO contacts(id,contact_first_name,contact_second_name,contact_phone_number) VALUES (63,'Karla','Snider','+995 (996) 548-2787');
INSERT INTO contacts(id,contact_first_name,contact_second_name,contact_phone_number) VALUES (64,'Nelda','Mckinney','+995 (876) 470-2003');
INSERT INTO contacts(id,contact_first_name,contact_second_name,contact_phone_number) VALUES (65,'Woodard','Pace','+995 (895) 435-2153');
INSERT INTO contacts(id,contact_first_name,contact_second_name,contact_phone_number) VALUES (66,'Blankenship','Patterson','+995 (881) 566-2481');
INSERT INTO contacts(id,contact_first_name,contact_second_name,contact_phone_number) VALUES (67,'Stone','Webb','+995 (921) 560-3561');
INSERT INTO contacts(id,contact_first_name,contact_second_name,contact_phone_number) VALUES (68,'Angelique','Pennington','+995 (982) 489-3682');
INSERT INTO contacts(id,contact_first_name,contact_second_name,contact_phone_number) VALUES (69,'Simpson','West','+995 (970) 402-2966');
INSERT INTO contacts(id,contact_first_name,contact_second_name,contact_phone_number) VALUES (70,'Mays','Meyer','+995 (975) 529-3733');
INSERT INTO contacts(id,contact_first_name,contact_second_name,contact_phone_number) VALUES (71,'Downs','Deleon','+995 (800) 459-2440');
INSERT INTO contacts(id,contact_first_name,contact_second_name,contact_phone_number) VALUES (72,'Jewell','Wall','+995 (908) 521-3268');
INSERT INTO contacts(id,contact_first_name,contact_second_name,contact_phone_number) VALUES (73,'Nelson','Delgado','+995 (834) 521-2942');
INSERT INTO contacts(id,contact_first_name,contact_second_name,contact_phone_number) VALUES (74,'Claire','Reilly','+995 (899) 567-3634');
INSERT INTO contacts(id,contact_first_name,contact_second_name,contact_phone_number) VALUES (75,'Waller','Wilson','+995 (934) 446-2415');
INSERT INTO contacts(id,contact_first_name,contact_second_name,contact_phone_number) VALUES (76,'Kasey','Vargas','+995 (922) 510-3466');
INSERT INTO contacts(id,contact_first_name,contact_second_name,contact_phone_number) VALUES (77,'Chandra','Porter','+995 (955) 542-2535');
INSERT INTO contacts(id,contact_first_name,contact_second_name,contact_phone_number) VALUES (78,'Hendrix','Lawson','+995 (816) 430-3359');
INSERT INTO contacts(id,contact_first_name,contact_second_name,contact_phone_number) VALUES (79,'Gordon','Blanchard','+995 (842) 423-2376');
INSERT INTO contacts(id,contact_first_name,contact_second_name,contact_phone_number) VALUES (80,'Thomas','Lewis','+995 (970) 481-2886');
INSERT INTO contacts(id,contact_first_name,contact_second_name,contact_phone_number) VALUES (81,'Love','Hayes','+995 (921) 576-2001');
INSERT INTO contacts(id,contact_first_name,contact_second_name,contact_phone_number) VALUES (82,'Burnett','Valentine','+995 (943) 409-3146');
INSERT INTO contacts(id,contact_first_name,contact_second_name,contact_phone_number) VALUES (83,'Vickie','Buck','+995 (849) 401-2073');
INSERT INTO contacts(id,contact_first_name,contact_second_name,contact_phone_number) VALUES (84,'Rosella','Zamora','+995 (937) 445-2718');
INSERT INTO contacts(id,contact_first_name,contact_second_name,contact_phone_number) VALUES (85,'Marta','Lancaster','+995 (896) 512-2956');
INSERT INTO contacts(id,contact_first_name,contact_second_name,contact_phone_number) VALUES (86,'Patricia','Jordan','+995 (887) 457-2669');
INSERT INTO contacts(id,contact_first_name,contact_second_name,contact_phone_number) VALUES (87,'Edith','Norman','+995 (899) 433-3573');
INSERT INTO contacts(id,contact_first_name,contact_second_name,contact_phone_number) VALUES (88,'Kristina','Ortiz','+995 (929) 512-2801');
INSERT INTO contacts(id,contact_first_name,contact_second_name,contact_phone_number) VALUES (89,'Doyle','Reynolds','+995 (915) 540-3405');
INSERT INTO contacts(id,contact_first_name,contact_second_name,contact_phone_number) VALUES (90,'Christa','Frank','+995 (903) 509-3901');
INSERT INTO contacts(id,contact_first_name,contact_second_name,contact_phone_number) VALUES (91,'Todd','Grimes','+995 (876) 437-2378');
INSERT INTO contacts(id,contact_first_name,contact_second_name,contact_phone_number) VALUES (92,'Erna','Cameron','+995 (918) 439-3203');
INSERT INTO contacts(id,contact_first_name,contact_second_name,contact_phone_number) VALUES (93,'Kellie','Harris','+995 (917) 497-3258');
INSERT INTO contacts(id,contact_first_name,contact_second_name,contact_phone_number) VALUES (94,'Goodman','Hays','+995 (817) 442-3263');
INSERT INTO contacts(id,contact_first_name,contact_second_name,contact_phone_number) VALUES (95,'Tricia','Hatfield','+995 (859) 455-2325');
INSERT INTO contacts(id,contact_first_name,contact_second_name,contact_phone_number) VALUES (96,'Nunez','Bowers','+995 (945) 418-3077');
INSERT INTO contacts(id,contact_first_name,contact_second_name,contact_phone_number) VALUES (97,'Poole','Vega','+995 (889) 438-2481');
INSERT INTO contacts(id,contact_first_name,contact_second_name,contact_phone_number) VALUES (98,'Alisa','Stevenson','+995 (812) 444-3817');
INSERT INTO contacts(id,contact_first_name,contact_second_name,contact_phone_number) VALUES (99,'Moran','Levy','+995 (821) 401-3772');
INSERT INTO contacts(id,contact_first_name,contact_second_name,contact_phone_number) VALUES (100,'Hernandez','Campos','+995 (878) 504-2999');
INSERT INTO contacts(id,contact_first_name,contact_second_name,contact_phone_number) VALUES (101,'Peters','Dickerson','+995 (922) 517-2997');
INSERT INTO contacts(id,contact_first_name,contact_second_name,contact_phone_number) VALUES (102,'Aguilar','Merritt','+995 (986) 517-3119');
INSERT INTO contacts(id,contact_first_name,contact_second_name,contact_phone_number) VALUES (103,'Jill','Gaines','+995 (885) 582-2754');
INSERT INTO contacts(id,contact_first_name,contact_second_name,contact_phone_number) VALUES (104,'Lynch','Wallace','+995 (861) 467-2892');
INSERT INTO contacts(id,contact_first_name,contact_second_name,contact_phone_number) VALUES (105,'Tamera','Simpson','+995 (955) 445-2166');
INSERT INTO contacts(id,contact_first_name,contact_second_name,contact_phone_number) VALUES (106,'Mercedes','Oconnor','+995 (871) 576-3140');
INSERT INTO contacts(id,contact_first_name,contact_second_name,contact_phone_number) VALUES (107,'Graciela','Harrington','+995 (819) 587-2423');
INSERT INTO contacts(id,contact_first_name,contact_second_name,contact_phone_number) VALUES (108,'Barnes','Walters','+995 (894) 542-3746');
INSERT INTO contacts(id,contact_first_name,contact_second_name,contact_phone_number) VALUES (109,'Willis','Bradshaw','+995 (927) 540-2924');
INSERT INTO contacts(id,contact_first_name,contact_second_name,contact_phone_number) VALUES (110,'Simon','Turner','+995 (994) 494-3456');
INSERT INTO contacts(id,contact_first_name,contact_second_name,contact_phone_number) VALUES (111,'Carr','Dickson','+995 (977) 572-2090');
INSERT INTO contacts(id,contact_first_name,contact_second_name,contact_phone_number) VALUES (112,'Mcmillan','French','+995 (898) 535-2778');
INSERT INTO contacts(id,contact_first_name,contact_second_name,contact_phone_number) VALUES (113,'Bernice','Ellis','+995 (896) 461-2463');
INSERT INTO contacts(id,contact_first_name,contact_second_name,contact_phone_number) VALUES (114,'Berta','Leon','+995 (979) 559-2565');
INSERT INTO contacts(id,contact_first_name,contact_second_name,contact_phone_number) VALUES (115,'Kenya','Bauer','+995 (973) 401-3336');
INSERT INTO contacts(id,contact_first_name,contact_second_name,contact_phone_number) VALUES (116,'Mccoy','Doyle','+995 (819) 472-2944');
INSERT INTO contacts(id,contact_first_name,contact_second_name,contact_phone_number) VALUES (117,'Martina','Cherry','+995 (936) 513-3259');
INSERT INTO contacts(id,contact_first_name,contact_second_name,contact_phone_number) VALUES (118,'Jackson','Travis','+995 (806) 446-2394');
INSERT INTO contacts(id,contact_first_name,contact_second_name,contact_phone_number) VALUES (119,'Washington','Pena','+995 (840) 411-2034');
INSERT INTO contacts(id,contact_first_name,contact_second_name,contact_phone_number) VALUES (120,'Meyer','Hernandez','+995 (984) 471-2268');
INSERT INTO contacts(id,contact_first_name,contact_second_name,contact_phone_number) VALUES (121,'Isabelle','Eaton','+995 (868) 443-2868');
INSERT INTO contacts(id,contact_first_name,contact_second_name,contact_phone_number) VALUES (122,'Lilian','Fischer','+995 (883) 470-2815');
INSERT INTO contacts(id,contact_first_name,contact_second_name,contact_phone_number) VALUES (123,'Dolores','Fitzgerald','+995 (896) 405-3049');
INSERT INTO contacts(id,contact_first_name,contact_second_name,contact_phone_number) VALUES (124,'Annette','Weaver','+995 (974) 410-2515');
INSERT INTO contacts(id,contact_first_name,contact_second_name,contact_phone_number) VALUES (125,'Sofia','Richard','+995 (842) 494-2762');
INSERT INTO contacts(id,contact_first_name,contact_second_name,contact_phone_number) VALUES (126,'Shelia','Kerr','+995 (972) 503-2807');
INSERT INTO contacts(id,contact_first_name,contact_second_name,contact_phone_number) VALUES (127,'Rosemarie','Wise','+995 (925) 460-2466');
INSERT INTO contacts(id,contact_first_name,contact_second_name,contact_phone_number) VALUES (128,'Jenny','Montoya','+995 (945) 451-3855');
INSERT INTO contacts(id,contact_first_name,contact_second_name,contact_phone_number) VALUES (129,'Barlow','Heath','+995 (954) 486-3158');
INSERT INTO contacts(id,contact_first_name,contact_second_name,contact_phone_number) VALUES (130,'Hicks','Snyder','+995 (833) 531-2422');
INSERT INTO contacts(id,contact_first_name,contact_second_name,contact_phone_number) VALUES (131,'Imogene','Barrera','+995 (944) 509-2163');
INSERT INTO contacts(id,contact_first_name,contact_second_name,contact_phone_number) VALUES (132,'Angel','Sellers','+995 (804) 528-2097');
INSERT INTO contacts(id,contact_first_name,contact_second_name,contact_phone_number) VALUES (133,'Singleton','Mcguire','+995 (976) 433-2794');
INSERT INTO contacts(id,contact_first_name,contact_second_name,contact_phone_number) VALUES (134,'Diann','Burns','+995 (982) 462-3655');
INSERT INTO contacts(id,contact_first_name,contact_second_name,contact_phone_number) VALUES (135,'Theresa','Maxwell','+995 (990) 483-2627');
INSERT INTO contacts(id,contact_first_name,contact_second_name,contact_phone_number) VALUES (136,'Frost','Scott','+995 (982) 449-3258');
INSERT INTO contacts(id,contact_first_name,contact_second_name,contact_phone_number) VALUES (137,'Juanita','Mcintyre','+995 (971) 490-2364');
INSERT INTO contacts(id,contact_first_name,contact_second_name,contact_phone_number) VALUES (138,'Wallace','Alston','+995 (803) 522-3025');
INSERT INTO contacts(id,contact_first_name,contact_second_name,contact_phone_number) VALUES (139,'Sweeney','Middleton','+995 (865) 536-2852');
INSERT INTO contacts(id,contact_first_name,contact_second_name,contact_phone_number) VALUES (140,'Shana','Mercado','+995 (924) 476-3458');
INSERT INTO contacts(id,contact_first_name,contact_second_name,contact_phone_number) VALUES (141,'Nellie','Gill','+995 (948) 556-2108');
INSERT INTO contacts(id,contact_first_name,contact_second_name,contact_phone_number) VALUES (142,'Ruthie','Duran','+995 (839) 546-2442');
INSERT INTO contacts(id,contact_first_name,contact_second_name,contact_phone_number) VALUES (143,'Stephanie','Olson','+995 (949) 445-2199');
INSERT INTO contacts(id,contact_first_name,contact_second_name,contact_phone_number) VALUES (144,'Ines','Reyes','+995 (929) 561-2488');
INSERT INTO contacts(id,contact_first_name,contact_second_name,contact_phone_number) VALUES (145,'Ebony','Roberts','+995 (953) 440-3290');
INSERT INTO contacts(id,contact_first_name,contact_second_name,contact_phone_number) VALUES (146,'Castro','Joyner','+995 (885) 461-3263');
INSERT INTO contacts(id,contact_first_name,contact_second_name,contact_phone_number) VALUES (147,'Hahn','Kim','+995 (947) 413-2888');
INSERT INTO contacts(id,contact_first_name,contact_second_name,contact_phone_number) VALUES (148,'Rose','Mcknight','+995 (923) 425-3365');
INSERT INTO contacts(id,contact_first_name,contact_second_name,contact_phone_number) VALUES (149,'Robert','Hines','+995 (858) 459-2331');
INSERT INTO contacts(id,contact_first_name,contact_second_name,contact_phone_number) VALUES (150,'Fox','Golden','+995 (918) 570-2318');
INSERT INTO contacts(id,contact_first_name,contact_second_name,contact_phone_number) VALUES (151,'Bettie','Hampton','+995 (868) 580-3659');
INSERT INTO contacts(id,contact_first_name,contact_second_name,contact_phone_number) VALUES (152,'Fletcher','Valenzuela','+995 (904) 454-3515');
INSERT INTO contacts(id,contact_first_name,contact_second_name,contact_phone_number) VALUES (153,'Dickerson','Fuller','+995 (874) 597-2019');
INSERT INTO contacts(id,contact_first_name,contact_second_name,contact_phone_number) VALUES (154,'Mccray','Dale','+995 (862) 518-2208');
INSERT INTO contacts(id,contact_first_name,contact_second_name,contact_phone_number) VALUES (155,'Becky','Dotson','+995 (968) 464-2630');
INSERT INTO contacts(id,contact_first_name,contact_second_name,contact_phone_number) VALUES (156,'Lena','Rios','+995 (897) 555-3235');
INSERT INTO contacts(id,contact_first_name,contact_second_name,contact_phone_number) VALUES (157,'Arlene','Hopper','+995 (809) 463-3436');
INSERT INTO contacts(id,contact_first_name,contact_second_name,contact_phone_number) VALUES (158,'Bridges','Guy','+995 (932) 439-2063');
INSERT INTO contacts(id,contact_first_name,contact_second_name,contact_phone_number) VALUES (159,'Lorna','Gomez','+995 (824) 428-3071');
INSERT INTO contacts(id,contact_first_name,contact_second_name,contact_phone_number) VALUES (160,'Lesley','Carney','+995 (826) 521-3907');
INSERT INTO contacts(id,contact_first_name,contact_second_name,contact_phone_number) VALUES (161,'Rivas','Bush','+995 (927) 527-2279');
INSERT INTO contacts(id,contact_first_name,contact_second_name,contact_phone_number) VALUES (162,'Patrica','Pugh','+995 (851) 543-3311');
INSERT INTO contacts(id,contact_first_name,contact_second_name,contact_phone_number) VALUES (163,'Jacquelyn','Taylor','+995 (994) 457-3386');
INSERT INTO contacts(id,contact_first_name,contact_second_name,contact_phone_number) VALUES (164,'Christi','Shaffer','+995 (941) 447-2182');
INSERT INTO contacts(id,contact_first_name,contact_second_name,contact_phone_number) VALUES (165,'Le','Knapp','+995 (949) 443-2655');
INSERT INTO contacts(id,contact_first_name,contact_second_name,contact_phone_number) VALUES (166,'Shelly','Contreras','+995 (917) 518-3686');
INSERT INTO contacts(id,contact_first_name,contact_second_name,contact_phone_number) VALUES (167,'Yvette','Gallagher','+995 (869) 496-2946');
INSERT INTO contacts(id,contact_first_name,contact_second_name,contact_phone_number) VALUES (168,'Garcia','Frost','+995 (868) 465-3098');
INSERT INTO contacts(id,contact_first_name,contact_second_name,contact_phone_number) VALUES (169,'Rojas','Langley','+995 (946) 554-3131');
INSERT INTO contacts(id,contact_first_name,contact_second_name,contact_phone_number) VALUES (170,'Dee','Mullen','+995 (906) 406-2885');
INSERT INTO contacts(id,contact_first_name,contact_second_name,contact_phone_number) VALUES (171,'Flora','Andrews','+995 (924) 587-2112');
INSERT INTO contacts(id,contact_first_name,contact_second_name,contact_phone_number) VALUES (172,'Phyllis','Mcmillan','+995 (952) 589-2342');
INSERT INTO contacts(id,contact_first_name,contact_second_name,contact_phone_number) VALUES (173,'Calhoun','Robertson','+995 (818) 535-3194');
INSERT INTO contacts(id,contact_first_name,contact_second_name,contact_phone_number) VALUES (174,'Morton','Gould','+995 (847) 591-2730');
INSERT INTO contacts(id,contact_first_name,contact_second_name,contact_phone_number) VALUES (175,'Rosalyn','Lane','+995 (896) 534-3526');
INSERT INTO contacts(id,contact_first_name,contact_second_name,contact_phone_number) VALUES (176,'Hansen','Moran','+995 (867) 463-3874');
INSERT INTO contacts(id,contact_first_name,contact_second_name,contact_phone_number) VALUES (177,'Ana','Serrano','+995 (812) 459-3744');
INSERT INTO contacts(id,contact_first_name,contact_second_name,contact_phone_number) VALUES (178,'Alvarez','Bullock','+995 (925) 569-2895');
INSERT INTO contacts(id,contact_first_name,contact_second_name,contact_phone_number) VALUES (179,'Albert','Bryant','+995 (994) 561-2922');
INSERT INTO contacts(id,contact_first_name,contact_second_name,contact_phone_number) VALUES (180,'Brigitte','Nguyen','+995 (892) 555-3497');
INSERT INTO contacts(id,contact_first_name,contact_second_name,contact_phone_number) VALUES (181,'Selma','Hamilton','+995 (979) 471-2224');
INSERT INTO contacts(id,contact_first_name,contact_second_name,contact_phone_number) VALUES (182,'Galloway','Rosales','+995 (895) 589-3670');
INSERT INTO contacts(id,contact_first_name,contact_second_name,contact_phone_number) VALUES (183,'Weeks','Nolan','+995 (971) 479-3281');
INSERT INTO contacts(id,contact_first_name,contact_second_name,contact_phone_number) VALUES (184,'Walter','Sutton','+995 (859) 544-2014');
INSERT INTO contacts(id,contact_first_name,contact_second_name,contact_phone_number) VALUES (185,'Jessica','Huffman','+995 (837) 403-2965');
INSERT INTO contacts(id,contact_first_name,contact_second_name,contact_phone_number) VALUES (186,'Cherry','Holmes','+995 (886) 567-3287');
INSERT INTO contacts(id,contact_first_name,contact_second_name,contact_phone_number) VALUES (187,'Bishop','Odom','+995 (940) 478-3443');
INSERT INTO contacts(id,contact_first_name,contact_second_name,contact_phone_number) VALUES (188,'Mann','Ochoa','+995 (883) 583-3168');
INSERT INTO contacts(id,contact_first_name,contact_second_name,contact_phone_number) VALUES (189,'Chrystal','Leach','+995 (819) 554-3022');
INSERT INTO contacts(id,contact_first_name,contact_second_name,contact_phone_number) VALUES (190,'Jeanette','Brennan','+995 (822) 587-3879');
INSERT INTO contacts(id,contact_first_name,contact_second_name,contact_phone_number) VALUES (191,'Ross','Gray','+995 (892) 530-3001');
INSERT INTO contacts(id,contact_first_name,contact_second_name,contact_phone_number) VALUES (192,'Cooley','Franco','+995 (854) 565-3311');
INSERT INTO contacts(id,contact_first_name,contact_second_name,contact_phone_number) VALUES (193,'Soto','George','+995 (815) 495-3220');
INSERT INTO contacts(id,contact_first_name,contact_second_name,contact_phone_number) VALUES (194,'Constance','Ratliff','+995 (809) 460-2900');
INSERT INTO contacts(id,contact_first_name,contact_second_name,contact_phone_number) VALUES (195,'Walters','Mcdaniel','+995 (936) 458-3266');
INSERT INTO contacts(id,contact_first_name,contact_second_name,contact_phone_number) VALUES (196,'Alston','Skinner','+995 (908) 560-3131');
INSERT INTO contacts(id,contact_first_name,contact_second_name,contact_phone_number) VALUES (197,'Chandler','Bartlett','+995 (868) 466-2504');
INSERT INTO contacts(id,contact_first_name,contact_second_name,contact_phone_number) VALUES (198,'Baxter','Bernard','+995 (926) 550-2080');
INSERT INTO contacts(id,contact_first_name,contact_second_name,contact_phone_number) VALUES (199,'Claudia','Hendrix','+995 (938) 434-3583');
INSERT INTO contacts(id,contact_first_name,contact_second_name,contact_phone_number) VALUES (200,'Jerri','Boyer','+995 (825) 423-2280');
INSERT INTO contacts(id,contact_first_name,contact_second_name,contact_phone_number) VALUES (201,'Guy','Stuart','+995 (903) 579-2463');
INSERT INTO contacts(id,contact_first_name,contact_second_name,contact_phone_number) VALUES (202,'Alison','English','+995 (930) 537-3445');
INSERT INTO contacts(id,contact_first_name,contact_second_name,contact_phone_number) VALUES (203,'Puckett','Byers','+995 (942) 409-3839');
INSERT INTO contacts(id,contact_first_name,contact_second_name,contact_phone_number) VALUES (204,'Henderson','Melendez','+995 (835) 436-2540');
INSERT INTO contacts(id,contact_first_name,contact_second_name,contact_phone_number) VALUES (205,'Oneill','Mccullough','+995 (806) 481-2712');
INSERT INTO contacts(id,contact_first_name,contact_second_name,contact_phone_number) VALUES (206,'Rocha','Cruz','+995 (866) 402-2354');
INSERT INTO contacts(id,contact_first_name,contact_second_name,contact_phone_number) VALUES (207,'Lacey','Hanson','+995 (824) 559-2726');
INSERT INTO contacts(id,contact_first_name,contact_second_name,contact_phone_number) VALUES (208,'Manuela','Solis','+995 (964) 584-2583');
INSERT INTO contacts(id,contact_first_name,contact_second_name,contact_phone_number) VALUES (209,'Bowen','Benjamin','+995 (957) 503-3309');
INSERT INTO contacts(id,contact_first_name,contact_second_name,contact_phone_number) VALUES (210,'Schroeder','Stokes','+995 (871) 458-2012');
INSERT INTO contacts(id,contact_first_name,contact_second_name,contact_phone_number) VALUES (211,'Kim','Wilkins','+995 (810) 423-3202');
INSERT INTO contacts(id,contact_first_name,contact_second_name,contact_phone_number) VALUES (212,'Pittman','Evans','+995 (906) 552-3225');
INSERT INTO contacts(id,contact_first_name,contact_second_name,contact_phone_number) VALUES (213,'Vega','Acosta','+995 (969) 547-2481');
INSERT INTO contacts(id,contact_first_name,contact_second_name,contact_phone_number) VALUES (214,'Mckenzie','Drake','+995 (934) 527-2925');
INSERT INTO contacts(id,contact_first_name,contact_second_name,contact_phone_number) VALUES (215,'Peterson','Mcconnell','+995 (978) 464-2645');
INSERT INTO contacts(id,contact_first_name,contact_second_name,contact_phone_number) VALUES (216,'Ola','Stein','+995 (895) 445-2888');
INSERT INTO contacts(id,contact_first_name,contact_second_name,contact_phone_number) VALUES (217,'Lilly','Duffy','+995 (964) 439-3275');
INSERT INTO contacts(id,contact_first_name,contact_second_name,contact_phone_number) VALUES (218,'Gardner','Schmidt','+995 (862) 533-3902');
INSERT INTO contacts(id,contact_first_name,contact_second_name,contact_phone_number) VALUES (219,'Dean','Pickett','+995 (977) 407-2449');
INSERT INTO contacts(id,contact_first_name,contact_second_name,contact_phone_number) VALUES (220,'Audrey','Paul','+995 (834) 415-3217');
INSERT INTO contacts(id,contact_first_name,contact_second_name,contact_phone_number) VALUES (221,'Mathis','Thornton','+995 (899) 454-3697');
INSERT INTO contacts(id,contact_first_name,contact_second_name,contact_phone_number) VALUES (222,'Cruz','Mccarty','+995 (821) 425-2746');
INSERT INTO contacts(id,contact_first_name,contact_second_name,contact_phone_number) VALUES (223,'Manning','Oneil','+995 (927) 480-2819');
INSERT INTO contacts(id,contact_first_name,contact_second_name,contact_phone_number) VALUES (224,'Leon','Craft','+995 (996) 546-3449');
INSERT INTO contacts(id,contact_first_name,contact_second_name,contact_phone_number) VALUES (225,'Sosa','Berger','+995 (905) 582-3082');
INSERT INTO contacts(id,contact_first_name,contact_second_name,contact_phone_number) VALUES (226,'Finley','Lynn','+995 (813) 523-2091');
INSERT INTO contacts(id,contact_first_name,contact_second_name,contact_phone_number) VALUES (227,'Jeri','Steele','+995 (841) 408-2185');
INSERT INTO contacts(id,contact_first_name,contact_second_name,contact_phone_number) VALUES (228,'Trudy','Sargent','+995 (953) 595-3914');
INSERT INTO contacts(id,contact_first_name,contact_second_name,contact_phone_number) VALUES (229,'Ferguson','Bender','+995 (922) 566-3844');
INSERT INTO contacts(id,contact_first_name,contact_second_name,contact_phone_number) VALUES (230,'Mccall','Reese','+995 (856) 403-2635');
INSERT INTO contacts(id,contact_first_name,contact_second_name,contact_phone_number) VALUES (231,'Cheryl','Flowers','+995 (831) 424-3076');
INSERT INTO contacts(id,contact_first_name,contact_second_name,contact_phone_number) VALUES (232,'Rena','Gates','+995 (888) 453-3736');
INSERT INTO contacts(id,contact_first_name,contact_second_name,contact_phone_number) VALUES (233,'Gonzales','Mclaughlin','+995 (859) 457-2032');
INSERT INTO contacts(id,contact_first_name,contact_second_name,contact_phone_number) VALUES (234,'Sweet','Molina','+995 (846) 452-3241');
INSERT INTO contacts(id,contact_first_name,contact_second_name,contact_phone_number) VALUES (235,'Rowe','Stanton','+995 (965) 480-3655');
INSERT INTO contacts(id,contact_first_name,contact_second_name,contact_phone_number) VALUES (236,'Avery','Valdez','+995 (868) 491-3314');
INSERT INTO contacts(id,contact_first_name,contact_second_name,contact_phone_number) VALUES (237,'Martinez','Keith','+995 (816) 488-2226');
INSERT INTO contacts(id,contact_first_name,contact_second_name,contact_phone_number) VALUES (238,'Jannie','Moore','+995 (876) 499-3377');
INSERT INTO contacts(id,contact_first_name,contact_second_name,contact_phone_number) VALUES (239,'Hensley','Mayo','+995 (913) 489-2378');
INSERT INTO contacts(id,contact_first_name,contact_second_name,contact_phone_number) VALUES (240,'Hallie','Bates','+995 (974) 600-3915');
INSERT INTO contacts(id,contact_first_name,contact_second_name,contact_phone_number) VALUES (241,'Mcgowan','Marquez','+995 (887) 600-2070');
INSERT INTO contacts(id,contact_first_name,contact_second_name,contact_phone_number) VALUES (242,'Terri','Osborn','+995 (830) 482-2427');
INSERT INTO contacts(id,contact_first_name,contact_second_name,contact_phone_number) VALUES (243,'Christian','Forbes','+995 (925) 596-2896');
INSERT INTO contacts(id,contact_first_name,contact_second_name,contact_phone_number) VALUES (244,'Gallagher','Quinn','+995 (824) 406-3480');
INSERT INTO contacts(id,contact_first_name,contact_second_name,contact_phone_number) VALUES (245,'Georgette','Vazquez','+995 (847) 557-2257');
INSERT INTO contacts(id,contact_first_name,contact_second_name,contact_phone_number) VALUES (246,'Penny','Hayden','+995 (803) 598-2825');
INSERT INTO contacts(id,contact_first_name,contact_second_name,contact_phone_number) VALUES (247,'Perkins','Strickland','+995 (903) 516-3323');
INSERT INTO contacts(id,contact_first_name,contact_second_name,contact_phone_number) VALUES (248,'Park','Hunter','+995 (860) 462-3675');
INSERT INTO contacts(id,contact_first_name,contact_second_name,contact_phone_number) VALUES (249,'Malinda','Baird','+995 (986) 552-2259');
INSERT INTO contacts(id,contact_first_name,contact_second_name,contact_phone_number) VALUES (250,'Maryanne','Vance','+995 (986) 532-3305');
INSERT INTO contacts(id,contact_first_name,contact_second_name,contact_phone_number) VALUES (251,'Harmon','Rollins','+995 (885) 455-3205');
INSERT INTO contacts(id,contact_first_name,contact_second_name,contact_phone_number) VALUES (252,'Klein','Lee','+995 (850) 435-2796');
INSERT INTO contacts(id,contact_first_name,contact_second_name,contact_phone_number) VALUES (253,'Callie','Colon','+995 (831) 591-2164');
INSERT INTO contacts(id,contact_first_name,contact_second_name,contact_phone_number) VALUES (254,'Odonnell','Clements','+995 (881) 586-2818');
INSERT INTO contacts(id,contact_first_name,contact_second_name,contact_phone_number) VALUES (255,'Francis','Miranda','+995 (898) 414-2865');
INSERT INTO contacts(id,contact_first_name,contact_second_name,contact_phone_number) VALUES (256,'Natalia','Sweet','+995 (944) 545-2300');
INSERT INTO contacts(id,contact_first_name,contact_second_name,contact_phone_number) VALUES (257,'Stuart','Byrd','+995 (995) 536-2068');
INSERT INTO contacts(id,contact_first_name,contact_second_name,contact_phone_number) VALUES (258,'Buck','Alford','+995 (987) 514-2802');
INSERT INTO contacts(id,contact_first_name,contact_second_name,contact_phone_number) VALUES (259,'Long','Barron','+995 (957) 527-3932');
INSERT INTO contacts(id,contact_first_name,contact_second_name,contact_phone_number) VALUES (260,'White','Spears','+995 (936) 567-3498');
INSERT INTO contacts(id,contact_first_name,contact_second_name,contact_phone_number) VALUES (261,'Mccullough','Bean','+995 (961) 444-3747');
INSERT INTO contacts(id,contact_first_name,contact_second_name,contact_phone_number) VALUES (262,'Imelda','Russo','+995 (811) 486-2120');
INSERT INTO contacts(id,contact_first_name,contact_second_name,contact_phone_number) VALUES (263,'Spears','Butler','+995 (929) 502-3469');
INSERT INTO contacts(id,contact_first_name,contact_second_name,contact_phone_number) VALUES (264,'Mercer','Hoffman','+995 (808) 596-2754');
INSERT INTO contacts(id,contact_first_name,contact_second_name,contact_phone_number) VALUES (265,'Massey','Lowe','+995 (801) 567-3280');
INSERT INTO contacts(id,contact_first_name,contact_second_name,contact_phone_number) VALUES (266,'Rachel','Wiley','+995 (894) 554-2153');
INSERT INTO contacts(id,contact_first_name,contact_second_name,contact_phone_number) VALUES (267,'Sharon','Knowles','+995 (983) 585-3081');
INSERT INTO contacts(id,contact_first_name,contact_second_name,contact_phone_number) VALUES (268,'Rhoda','Stanley','+995 (829) 422-2976');
INSERT INTO contacts(id,contact_first_name,contact_second_name,contact_phone_number) VALUES (269,'Lucia','Walls','+995 (876) 494-2953');
INSERT INTO contacts(id,contact_first_name,contact_second_name,contact_phone_number) VALUES (270,'Vargas','Mann','+995 (985) 523-3846');
INSERT INTO contacts(id,contact_first_name,contact_second_name,contact_phone_number) VALUES (271,'Clarice','Freeman','+995 (942) 488-2399');
INSERT INTO contacts(id,contact_first_name,contact_second_name,contact_phone_number) VALUES (272,'Adams','Ball','+995 (933) 404-3750');
INSERT INTO contacts(id,contact_first_name,contact_second_name,contact_phone_number) VALUES (273,'Lessie','Orr','+995 (814) 524-3609');
INSERT INTO contacts(id,contact_first_name,contact_second_name,contact_phone_number) VALUES (274,'Harrington','Bryan','+995 (831) 452-3144');
INSERT INTO contacts(id,contact_first_name,contact_second_name,contact_phone_number) VALUES (275,'Marquita','Romero','+995 (917) 445-2423');
INSERT INTO contacts(id,contact_first_name,contact_second_name,contact_phone_number) VALUES (276,'Roberts','Workman','+995 (805) 561-3999');
INSERT INTO contacts(id,contact_first_name,contact_second_name,contact_phone_number) VALUES (277,'Ginger','Battle','+995 (833) 560-2890');
INSERT INTO contacts(id,contact_first_name,contact_second_name,contact_phone_number) VALUES (278,'Shanna','Shepherd','+995 (877) 443-3299');
INSERT INTO contacts(id,contact_first_name,contact_second_name,contact_phone_number) VALUES (279,'Candace','Preston','+995 (872) 427-3692');
INSERT INTO contacts(id,contact_first_name,contact_second_name,contact_phone_number) VALUES (280,'Harper','Flynn','+995 (838) 473-2770');
INSERT INTO contacts(id,contact_first_name,contact_second_name,contact_phone_number) VALUES (281,'Judy','Benson','+995 (833) 596-3007');
INSERT INTO contacts(id,contact_first_name,contact_second_name,contact_phone_number) VALUES (282,'Marci','Richards','+995 (888) 538-3923');
INSERT INTO contacts(id,contact_first_name,contact_second_name,contact_phone_number) VALUES (283,'Odessa','Cobb','+995 (925) 447-3490');
INSERT INTO contacts(id,contact_first_name,contact_second_name,contact_phone_number) VALUES (284,'Bridget','Robles','+995 (887) 534-3082');
INSERT INTO contacts(id,contact_first_name,contact_second_name,contact_phone_number) VALUES (285,'Rachelle','Kelly','+995 (860) 513-2519');
INSERT INTO contacts(id,contact_first_name,contact_second_name,contact_phone_number) VALUES (286,'Greta','Patton','+995 (856) 578-2293');
INSERT INTO contacts(id,contact_first_name,contact_second_name,contact_phone_number) VALUES (287,'Lynette','Sawyer','+995 (919) 434-3141');
INSERT INTO contacts(id,contact_first_name,contact_second_name,contact_phone_number) VALUES (288,'Karyn','Lester','+995 (858) 474-3936');
INSERT INTO contacts(id,contact_first_name,contact_second_name,contact_phone_number) VALUES (289,'Reese','Bridges','+995 (849) 454-3834');
INSERT INTO contacts(id,contact_first_name,contact_second_name,contact_phone_number) VALUES (290,'Velazquez','Fitzpatrick','+995 (825) 552-3615');
INSERT INTO contacts(id,contact_first_name,contact_second_name,contact_phone_number) VALUES (291,'Katrina','Oneill','+995 (991) 432-3284');
INSERT INTO contacts(id,contact_first_name,contact_second_name,contact_phone_number) VALUES (292,'Greene','Camacho','+995 (845) 470-3758');
INSERT INTO contacts(id,contact_first_name,contact_second_name,contact_phone_number) VALUES (293,'Emma','Petty','+995 (910) 524-3381');
INSERT INTO contacts(id,contact_first_name,contact_second_name,contact_phone_number) VALUES (294,'Crystal','Sykes','+995 (836) 439-2187');
INSERT INTO contacts(id,contact_first_name,contact_second_name,contact_phone_number) VALUES (295,'Guthrie','Galloway','+995 (812) 475-3502');
INSERT INTO contacts(id,contact_first_name,contact_second_name,contact_phone_number) VALUES (296,'Barbra','Hansen','+995 (877) 410-3301');
INSERT INTO contacts(id,contact_first_name,contact_second_name,contact_phone_number) VALUES (297,'Spence','Mcgowan','+995 (850) 437-2353');
INSERT INTO contacts(id,contact_first_name,contact_second_name,contact_phone_number) VALUES (298,'Cannon','Johnston','+995 (817) 506-3216');
INSERT INTO contacts(id,contact_first_name,contact_second_name,contact_phone_number) VALUES (299,'Glenn','Vaughn','+995 (811) 526-2471');
INSERT INTO contacts(id,contact_first_name,contact_second_name,contact_phone_number) VALUES (300,'Sheena','Puckett','+995 (934) 595-2208');
INSERT INTO contacts(id,contact_first_name,contact_second_name,contact_phone_number) VALUES (301,'Michelle','Witt','+995 (962) 503-3439');
INSERT INTO contacts(id,contact_first_name,contact_second_name,contact_phone_number) VALUES (302,'Stout','Barnes','+995 (889) 433-3677');
INSERT INTO contacts(id,contact_first_name,contact_second_name,contact_phone_number) VALUES (303,'Beverly','Jones','+995 (854) 533-2859');
INSERT INTO contacts(id,contact_first_name,contact_second_name,contact_phone_number) VALUES (304,'Anne','Maynard','+995 (998) 568-3736');
INSERT INTO contacts(id,contact_first_name,contact_second_name,contact_phone_number) VALUES (305,'Knight','Morin','+995 (821) 598-2958');
INSERT INTO contacts(id,contact_first_name,contact_second_name,contact_phone_number) VALUES (306,'Benjamin','Dillard','+995 (885) 552-2205');
INSERT INTO contacts(id,contact_first_name,contact_second_name,contact_phone_number) VALUES (307,'Church','Nieves','+995 (871) 520-3489');
INSERT INTO contacts(id,contact_first_name,contact_second_name,contact_phone_number) VALUES (308,'Petra','Ray','+995 (989) 437-3086');
INSERT INTO contacts(id,contact_first_name,contact_second_name,contact_phone_number) VALUES (309,'Sheppard','Rich','+995 (987) 460-2708');
INSERT INTO contacts(id,contact_first_name,contact_second_name,contact_phone_number) VALUES (310,'Leann','Bradford','+995 (899) 572-2633');
INSERT INTO contacts(id,contact_first_name,contact_second_name,contact_phone_number) VALUES (311,'Schneider','Holt','+995 (891) 579-3702');
INSERT INTO contacts(id,contact_first_name,contact_second_name,contact_phone_number) VALUES (312,'Nguyen','Shields','+995 (803) 483-2907');
INSERT INTO contacts(id,contact_first_name,contact_second_name,contact_phone_number) VALUES (313,'Velma','Bright','+995 (951) 549-3651');
INSERT INTO contacts(id,contact_first_name,contact_second_name,contact_phone_number) VALUES (314,'Nora','Chavez','+995 (936) 578-2139');
INSERT INTO contacts(id,contact_first_name,contact_second_name,contact_phone_number) VALUES (315,'Chang','Garrett','+995 (989) 423-2385');
INSERT INTO contacts(id,contact_first_name,contact_second_name,contact_phone_number) VALUES (316,'Margaret','Dixon','+995 (925) 502-3976');
INSERT INTO contacts(id,contact_first_name,contact_second_name,contact_phone_number) VALUES (317,'Pennington','Case','+995 (840) 475-2019');
INSERT INTO contacts(id,contact_first_name,contact_second_name,contact_phone_number) VALUES (318,'Patrick','Gross','+995 (926) 439-3307');
INSERT INTO contacts(id,contact_first_name,contact_second_name,contact_phone_number) VALUES (319,'Jackie','Jacobs','+995 (970) 428-3500');
INSERT INTO contacts(id,contact_first_name,contact_second_name,contact_phone_number) VALUES (320,'Charity','Gentry','+995 (815) 557-3189');
INSERT INTO contacts(id,contact_first_name,contact_second_name,contact_phone_number) VALUES (321,'Boyer','Macias','+995 (966) 528-3138');
INSERT INTO contacts(id,contact_first_name,contact_second_name,contact_phone_number) VALUES (322,'Pearlie','Sandoval','+995 (842) 464-2596');
INSERT INTO contacts(id,contact_first_name,contact_second_name,contact_phone_number) VALUES (323,'Angie','Moses','+995 (984) 536-3946');
INSERT INTO contacts(id,contact_first_name,contact_second_name,contact_phone_number) VALUES (324,'Blanchard','Dudley','+995 (800) 527-2478');
INSERT INTO contacts(id,contact_first_name,contact_second_name,contact_phone_number) VALUES (325,'Malone','Parks','+995 (940) 554-3847');
INSERT INTO contacts(id,contact_first_name,contact_second_name,contact_phone_number) VALUES (326,'Alberta','Hodge','+995 (930) 418-2069');
INSERT INTO contacts(id,contact_first_name,contact_second_name,contact_phone_number) VALUES (327,'Barry','Oneal','+995 (932) 432-3130');
INSERT INTO contacts(id,contact_first_name,contact_second_name,contact_phone_number) VALUES (328,'Rosa','Boyle','+995 (865) 541-2194');
INSERT INTO contacts(id,contact_first_name,contact_second_name,contact_phone_number) VALUES (329,'Trujillo','Wade','+995 (848) 486-3769');
INSERT INTO contacts(id,contact_first_name,contact_second_name,contact_phone_number) VALUES (330,'Underwood','Gonzalez','+995 (894) 415-2334');
INSERT INTO contacts(id,contact_first_name,contact_second_name,contact_phone_number) VALUES (331,'Luz','Phillips','+995 (834) 438-2027');
INSERT INTO contacts(id,contact_first_name,contact_second_name,contact_phone_number) VALUES (332,'Ollie','Kemp','+995 (876) 560-2160');
INSERT INTO contacts(id,contact_first_name,contact_second_name,contact_phone_number) VALUES (333,'Holden','Erickson','+995 (893) 433-2394');
INSERT INTO contacts(id,contact_first_name,contact_second_name,contact_phone_number) VALUES (334,'Koch','Lynch','+995 (934) 465-3907');
INSERT INTO contacts(id,contact_first_name,contact_second_name,contact_phone_number) VALUES (335,'Smith','Hewitt','+995 (959) 544-2576');
INSERT INTO contacts(id,contact_first_name,contact_second_name,contact_phone_number) VALUES (336,'Sheree','Hull','+995 (955) 590-3591');
INSERT INTO contacts(id,contact_first_name,contact_second_name,contact_phone_number) VALUES (337,'Miranda','Rodriguez','+995 (823) 512-2775');
INSERT INTO contacts(id,contact_first_name,contact_second_name,contact_phone_number) VALUES (338,'Rosario','Pierce','+995 (801) 432-3855');
INSERT INTO contacts(id,contact_first_name,contact_second_name,contact_phone_number) VALUES (339,'Young','Christensen','+995 (948) 427-3329');
INSERT INTO contacts(id,contact_first_name,contact_second_name,contact_phone_number) VALUES (340,'Melendez','Booth','+995 (925) 597-2730');
INSERT INTO contacts(id,contact_first_name,contact_second_name,contact_phone_number) VALUES (341,'Fanny','Flores','+995 (988) 415-2381');
INSERT INTO contacts(id,contact_first_name,contact_second_name,contact_phone_number) VALUES (342,'Diane','Dunlap','+995 (842) 590-3936');
INSERT INTO contacts(id,contact_first_name,contact_second_name,contact_phone_number) VALUES (343,'Sally','Allison','+995 (805) 532-3211');
INSERT INTO contacts(id,contact_first_name,contact_second_name,contact_phone_number) VALUES (344,'Taylor','Nielsen','+995 (918) 564-3501');
INSERT INTO contacts(id,contact_first_name,contact_second_name,contact_phone_number) VALUES (345,'Kaitlin','Herman','+995 (805) 415-2225');
INSERT INTO contacts(id,contact_first_name,contact_second_name,contact_phone_number) VALUES (346,'Kent','Blake','+995 (819) 435-2660');
INSERT INTO contacts(id,contact_first_name,contact_second_name,contact_phone_number) VALUES (347,'Edwina','Solomon','+995 (904) 529-3071');
INSERT INTO contacts(id,contact_first_name,contact_second_name,contact_phone_number) VALUES (348,'Cotton','Hinton','+995 (825) 572-2822');
INSERT INTO contacts(id,contact_first_name,contact_second_name,contact_phone_number) VALUES (349,'Felicia','Blankenship','+995 (967) 519-3725');
INSERT INTO contacts(id,contact_first_name,contact_second_name,contact_phone_number) VALUES (350,'Fernandez','Brooks','+995 (950) 528-2032');
INSERT INTO contacts(id,contact_first_name,contact_second_name,contact_phone_number) VALUES (351,'Brandie','Henson','+995 (916) 476-2459');
INSERT INTO contacts(id,contact_first_name,contact_second_name,contact_phone_number) VALUES (352,'Mae','Rowe','+995 (969) 570-3707');
INSERT INTO contacts(id,contact_first_name,contact_second_name,contact_phone_number) VALUES (353,'Mcgee','Sanchez','+995 (897) 495-2117');
INSERT INTO contacts(id,contact_first_name,contact_second_name,contact_phone_number) VALUES (354,'Consuelo','Gutierrez','+995 (886) 406-3424');
INSERT INTO contacts(id,contact_first_name,contact_second_name,contact_phone_number) VALUES (355,'Marietta','Holder','+995 (835) 410-3813');
INSERT INTO contacts(id,contact_first_name,contact_second_name,contact_phone_number) VALUES (356,'Keller','Velez','+995 (912) 435-3421');
INSERT INTO contacts(id,contact_first_name,contact_second_name,contact_phone_number) VALUES (357,'Pamela','Hickman','+995 (975) 445-3435');
INSERT INTO contacts(id,contact_first_name,contact_second_name,contact_phone_number) VALUES (358,'Cathryn','Coffey','+995 (829) 504-3401');
INSERT INTO contacts(id,contact_first_name,contact_second_name,contact_phone_number) VALUES (359,'Neal','Buchanan','+995 (862) 554-3270');
INSERT INTO contacts(id,contact_first_name,contact_second_name,contact_phone_number) VALUES (360,'Loretta','Wagner','+995 (945) 510-3729');
INSERT INTO contacts(id,contact_first_name,contact_second_name,contact_phone_number) VALUES (361,'Russell','Mccoy','+995 (924) 408-2188');
INSERT INTO contacts(id,contact_first_name,contact_second_name,contact_phone_number) VALUES (362,'Rosetta','Downs','+995 (807) 500-2343');
INSERT INTO contacts(id,contact_first_name,contact_second_name,contact_phone_number) VALUES (363,'Wells','Lindsey','+995 (837) 492-3341');
INSERT INTO contacts(id,contact_first_name,contact_second_name,contact_phone_number) VALUES (364,'Cathleen','Washington','+995 (833) 481-3315');
INSERT INTO contacts(id,contact_first_name,contact_second_name,contact_phone_number) VALUES (365,'Irene','Shaw','+995 (871) 501-2030');
INSERT INTO contacts(id,contact_first_name,contact_second_name,contact_phone_number) VALUES (366,'Kirk','Rodriquez','+995 (993) 413-2019');
INSERT INTO contacts(id,contact_first_name,contact_second_name,contact_phone_number) VALUES (367,'Vance','Estrada','+995 (848) 546-3459');
INSERT INTO contacts(id,contact_first_name,contact_second_name,contact_phone_number) VALUES (368,'Sampson','Valencia','+995 (944) 489-2200');
INSERT INTO contacts(id,contact_first_name,contact_second_name,contact_phone_number) VALUES (369,'Whitney','Haley','+995 (976) 458-3778');
INSERT INTO contacts(id,contact_first_name,contact_second_name,contact_phone_number) VALUES (370,'Lucile','Calderon','+995 (965) 462-2536');
INSERT INTO contacts(id,contact_first_name,contact_second_name,contact_phone_number) VALUES (371,'Leanna','Wilder','+995 (968) 508-2670');
INSERT INTO contacts(id,contact_first_name,contact_second_name,contact_phone_number) VALUES (372,'Mai','Foreman','+995 (848) 594-2958');
INSERT INTO contacts(id,contact_first_name,contact_second_name,contact_phone_number) VALUES (373,'Lorene','Morse','+995 (855) 466-3637');
INSERT INTO contacts(id,contact_first_name,contact_second_name,contact_phone_number) VALUES (374,'Pearl','Howell','+995 (835) 571-3815');
INSERT INTO contacts(id,contact_first_name,contact_second_name,contact_phone_number) VALUES (375,'Newman','Henry','+995 (974) 460-2954');
INSERT INTO contacts(id,contact_first_name,contact_second_name,contact_phone_number) VALUES (376,'Mara','Wooten','+995 (970) 453-3120');
INSERT INTO contacts(id,contact_first_name,contact_second_name,contact_phone_number) VALUES (377,'Black','Klein','+995 (948) 531-2002');
INSERT INTO contacts(id,contact_first_name,contact_second_name,contact_phone_number) VALUES (378,'Essie','Aguilar','+995 (826) 433-3965');
INSERT INTO contacts(id,contact_first_name,contact_second_name,contact_phone_number) VALUES (379,'Dorsey','Hammond','+995 (861) 502-2587');
INSERT INTO contacts(id,contact_first_name,contact_second_name,contact_phone_number) VALUES (380,'Audra','Mendoza','+995 (848) 439-3924');